"1","C-Suit","I1","addcase","false"
"2","C-Suit","LeadAttorneys","refuse","false"
"3","C-Suit","GeneralInfo","fire","false"
"4","C-Suit","LA1","accept","false"
"5","C-Suit","MainOffice","deletecase","false"
"6","C-Suit","HR1","disapprove","false"
"7","C-Suit","Alice","disapprove","false"
"8","C-Suit","Attorneys","access","false"
"9","C-Suit","State","withdraw","false"
"10","C-Suit","Case2","appointed","false"
"11","I1","HR","refuse","false"
"12","I1","C1","access","false"
"13","I1","A1","fire","false"
"14","I1","Bob","disapprove","false"
"15","I1","Attorneys","deletecase","false"
"16","I1","JD1","access","false"
"17","I1","State","fire","false"
"18","I1","JD2","addcase","false"
"19","I1","Office1","appointed","false"
"20","LeadAttorneys","LeadAttorneys","appointed","false"
"21","LeadAttorneys","HR","addcase","false"
"22","LeadAttorneys","C1","refuse","false"
"23","LeadAttorneys","C-Suit","access","false"
"24","LeadAttorneys","I1","hire","false"
"25","LeadAttorneys","Bob","fire","false"
"26","LeadAttorneys","LA1","disapprove","false"
"27","LeadAttorneys","MainOffice","withdraw","false"
"28","LeadAttorneys","GeneralInfo","accept","false"
"29","LeadAttorneys","Alice","deletecase","false"
"30","LeadAttorneys","Attorneys","access","false"
"31","LeadAttorneys","Interns","access","false"
"32","LeadAttorneys","Google","disapprove","true"
"33","LeadAttorneys","JD1","fire","false"
"34","LeadAttorneys","JD2","hire","false"
"35","LeadAttorneys","Mike","access","true"
"36","LeadAttorneys","Case2","access","true"
"37","LeadAttorneys","Case1","appointed","false"
"38","HR","HR","appointed","false"
"39","HR","C-Suit","refuse","false"
"40","HR","I1","access","false"
"41","HR","MainOffice","disapprove","false"
"42","HR","Bob","deletecase","true"
"43","HR","Google","hire","false"
"44","HR","HR1","deletecase","false"
"45","HR","Mike","disapprove","false"
"46","HR","Cases","disapprove","false"
"47","C1","I1","refuse","false"
"48","C1","LeadAttorneys","access","false"
"49","C1","MainOffice","fire","true"
"50","C1","GeneralInfo","disapprove","false"
"51","C1","A1","withdraw","false"
"52","C1","LA1","deletecase","false"
"53","C1","Interns","disapprove","false"
"54","C1","Google","withdraw","true"
"55","C1","HR1","access","false"
"56","C1","Attorneys","disapprove","false"
"57","C1","JD2","deletecase","false"
"58","C1","Apple","hire","false"
"59","C1","JD1","disapprove","false"
"60","C1","State","addcase","true"
"61","C1","Case1","access","true"
"62","C1","Cases","deletecase","false"
"63","C1","Case3","accept","true"
"64","A1","Bob","refuse","false"
"65","A1","LA1","access","false"
"66","A1","Google","fire","false"
"67","A1","HR1","disapprove","false"
"68","A1","Attorneys","accept","false"
"69","A1","Apple","hire","false"
"70","A1","State","disapprove","false"
"71","A1","JD2","appointed","false"
"72","A1","Office1","deletecase","false"
"73","A1","Case3","withdraw","false"
"74","A1","Case2","refuse","false"
"75","A1","C-Suit","access","false"
"76","A1","I1","withdraw","false"
"77","A1","C1","disapprove","false"
"78","LA1","A1","appointed","false"
"79","LA1","MainOffice","access","false"
"80","LA1","GeneralInfo","hire","false"
"81","LA1","Google","deletecase","false"
"82","LA1","JD1","fire","false"
"83","LA1","Apple","appointed","false"
"84","LA1","Cases","addcase","false"
"85","LA1","Case2","addcase","true"
"86","LA1","C-Suit","accept","false"
"87","MainOffice","LA1","addcase","false"
"88","MainOffice","MainOffice","refuse","false"
"89","MainOffice","GeneralInfo","access","true"
"90","MainOffice","Alice","fire","false"
"91","MainOffice","Interns","withdraw","false"
"92","MainOffice","Google","accept","false"
"93","MainOffice","JD1","refuse","false"
"94","MainOffice","JD2","refuse","false"
"95","MainOffice","Case2","fire","false"
"96","MainOffice","Case1","addcase","true"
"97","MainOffice","C1","accept","false"
"98","HR1","LA1","appointed","false"
"99","HR1","A1","access","false"
"100","HR1","Attorneys","fire","false"
"101","HR1","HR1","accept","false"
"102","HR1","Alice","deletecase","false"
"103","HR1","JD1","appointed","false"
"104","HR1","Office1","withdraw","false"
"105","HR1","Case1","access","true"
"106","HR1","Cases","accept","false"
"107","HR1","HR","access","false"
"108","HR1","C1","accept","false"
"109","HR1","C-Suit","addcase","false"
"110","HR1","I1","appointed","false"
"111","HR1","LeadAttorneys","refuse","false"
"112","Attorneys","MainOffice","appointed","false"
"113","Attorneys","A1","refuse","false"
"114","Attorneys","Bob","access","true"
"115","Attorneys","LA1","hire","false"
"116","Attorneys","Interns","fire","false"
"117","Attorneys","Google","disapprove","false"
"118","Attorneys","HR1","withdraw","false"
"119","Attorneys","Mike","withdraw","false"
"120","Attorneys","JD1","accept","false"
"121","Attorneys","Cases","access","true"
"122","Attorneys","Case3","appointed","false"
"123","Attorneys","C1","deletecase","false"
"124","Attorneys","C-Suit","accept","false"
"125","Attorneys","LeadAttorneys","fire","false"
"126","Interns","Google","appointed","false"
"127","Interns","Attorneys","access","false"
"128","Interns","Interns","hire","false"
"129","Interns","JD1","withdraw","false"
"130","Interns","State","accept","false"
"131","Interns","JD2","deletecase","false"
"132","Interns","Cases","accept","false"
"133","Interns","Case3","hire","false"
"134","Interns","C-Suit","hire","false"
"135","Interns","LeadAttorneys","addcase","false"
"136","Interns","HR","accept","false"
"137","Interns","A1","deletecase","false"
"138","Interns","Bob","addcase","false"
"139","JD1","HR1","appointed","false"
"140","JD1","Alice","addcase","false"
"141","JD1","Google","hire","false"
"142","JD1","Apple","deletecase","false"
"143","JD1","Office1","hire","false"
"144","JD1","I1","accept","false"
"145","JD1","HR","addcase","false"
"146","JD1","C1","addcase","false"
"147","JD1","C-Suit","refuse","false"
"148","JD1","Bob","accept","false"
"149","JD1","MainOffice","accept","false"
"150","JD1","GeneralInfo","withdraw","false"
"151","JD2","Alice","appointed","false"
"152","JD2","Interns","refuse","false"
"153","JD2","Google","access","false"
"154","JD2","HR1","hire","false"
"155","JD2","JD1","fire","false"
"156","JD2","Apple","accept","true"
"157","JD2","Mike","deletecase","true"
"158","JD2","Case3","hire","false"
"159","JD2","LeadAttorneys","addcase","false"
"160","JD2","C1","deletecase","false"
"161","JD2","GeneralInfo","deletecase","true"
"162","Office1","Attorneys","appointed","false"
"163","Office1","Interns","addcase","false"
"164","Office1","Google","refuse","false"
"165","Office1","Alice","hire","false"
"166","Office1","JD2","disapprove","false"
"167","Office1","Apple","withdraw","false"
"168","Office1","Mike","accept","false"
"169","Office1","Case3","hire","false"
"170","Office1","Office1","withdraw","false"
"171","Office1","Case1","disapprove","false"
"172","Office1","Cases","disapprove","false"
"173","Office1","HR","hire","false"
"174","Office1","C1","appointed","false"
"175","Office1","C-Suit","fire","false"
"176","Office1","I1","fire","false"
"177","Office1","LA1","withdraw","false"
"178","Office1","A1","accept","false"
"179","Office1","Bob","appointed","false"
"180","HR1","Interns","appointed","false"
"181","A1","Google","addcase","false"
"182","LA1","HR1","refuse","false"
"183","Interns","Alice","access","false"
"184","JD1","JD2","fire","false"
"185","I1","Apple","disapprove","false"
"186","Interns","Mike","withdraw","false"
"187","Office1","JD1","accept","false"
"188","HR","State","deletecase","true"
"189","Interns","Case2","withdraw","false"
"190","Interns","C1","appointed","false"
"191","C-Suit","C-Suit","withdraw","false"
"192","MainOffice","LeadAttorneys","hire","false"
"193","JD2","MainOffice","addcase","false"
"194","I1","GeneralInfo","hire","false"
"195","Attorneys","Apple","appointed","false"
"196","C-Suit","Mike","addcase","true"
"197","JD1","State","access","true"
"198","JD2","Office1","fire","false"
"199","LA1","Case1","disapprove","false"
"200","LeadAttorneys","Cases","withdraw","false"
"201","HR","Case2","deletecase","true"
"202","JD2","I1","disapprove","false"
"203","MainOffice","HR","access","false"
"204","LA1","C1","appointed","false"
"205","Office1","GeneralInfo","appointed","false"
"206","A1","A1","accept","false"
"207","Office1","HR1","access","false"
"208","A1","Mike","appointed","false"
"209","C-Suit","JD1","addcase","false"
"210","LeadAttorneys","State","refuse","false"
"211","C-Suit","Case1","fire","false"
"212","MainOffice","Cases","disapprove","false"
"213","I1","Case2","accept","false"
"214","HR","Office1","deletecase","false"
"215","MainOffice","I1","withdraw","false"
"216","LeadAttorneys","A1","accept","false"
"217","LA1","Bob","hire","false"
"218","JD1","LA1","fire","false"
"219","A1","GeneralInfo","addcase","true"
"220","I1","Alice","withdraw","false"
"221","JD1","Attorneys","accept","false"
"222","MainOffice","Interns","accept","false"
"223","I1","Google","refuse","true"
"224","JD2","State","addcase","true"
"225","C-Suit","JD2","refuse","false"
"226","HR","Apple","access","false"
"227","MainOffice","Mike","hire","false"
"228","LeadAttorneys","Cases","fire","false"
"229","HR1","Case3","disapprove","false"
"230","C-Suit","Office1","accept","false"
"231","HR","Case1","deletecase","true"
"232","HR","LeadAttorneys","hire","false"
"233","C1","C-Suit","appointed","false"
"234","MainOffice","Bob","fire","false"
"235","HR","A1","addcase","false"
"236","A1","Alice","appointed","false"
"237","HR","Attorneys","addcase","false"
"238","HR1","Interns","deletecase","false"
"239","HR1","Google","hire","false"
"240","LeadAttorneys","HR1","appointed","false"
"241","LeadAttorneys","State","appointed","false"
"242","HR1","Apple","refuse","false"
"243","I1","Mike","access","false"
"244","JD1","JD1","hire","false"
"245","JD1","Case3","fire","false"
"246","Office1","Case2","disapprove","false"
"247","LeadAttorneys","Office1","withdraw","false"
"248","A1","Case1","accept","false"
"249","C-Suit","Cases","deletecase","false"
"250","C1","HR","disapprove","false"
"251","C-Suit","C1","hire","false"
"252","JD1","LeadAttorneys","fire","false"
"253","JD2","LA1","accept","false"
"254","HR1","MainOffice","appointed","false"
"255","Interns","A1","disapprove","false"
"256","LA1","Attorneys","refuse","false"
"257","C1","Alice","withdraw","false"
"258","LA1","JD2","appointed","false"
"259","C-Suit","Apple","addcase","false"
"260","LA1","State","hire","false"
"261","HR1","Case2","fire","false"
"262","LA1","Office1","disapprove","false"
"263","Interns","Case1","withdraw","false"
"264","LA1","Case3","deletecase","false"
"265","C1","C1","accept","false"
"266","Interns","I1","addcase","false"
"267","Attorneys","HR","withdraw","false"
"268","A1","MainOffice","access","false"
"269","HR","GeneralInfo","accept","false"
"270","JD1","A1","withdraw","false"
"271","Interns","LA1","refuse","false"
"272","I1","Interns","hire","false"
"273","MainOffice","HR1","fire","true"
"274","Attorneys","Attorneys","hire","false"
"275","Attorneys","Case1","addcase","true"
"276","A1","Cases","refuse","false"
"277","HR","Case3","access","false"
"278","JD1","Case2","hire","false"
"279","MainOffice","C-Suit","fire","false"
"280","A1","LeadAttorneys","withdraw","false"
"281","LA1","HR","accept","false"
"282","Interns","A1","hire","false"
"283","C1","Bob","refuse","false"
"284","LA1","LA1","access","false"
"285","I1","MainOffice","hire","false"
"286","MainOffice","Alice","appointed","false"
"287","HR","Interns","hire","false"
"288","LeadAttorneys","Apple","hire","false"
"289","HR1","Mike","disapprove","false"
"290","HR1","State","disapprove","false"
"291","HR1","JD2","access","false"
"292","JD2","Cases","addcase","false"
"293","LeadAttorneys","Case3","refuse","true"
"294","Attorneys","Case2","access","true"
"295","Interns","Office1","hire","false"
"296","I1","LeadAttorneys","disapprove","false"
"297","C-Suit","HR","withdraw","false"
"298","HR1","C-Suit","deletecase","false"
"299","C-Suit","Bob","fire","false"
"300","I1","LA1","fire","false"
"301","HR","Alice","refuse","false"
"302","LA1","Interns","refuse","false"
"303","C-Suit","Google","deletecase","false"
"304","A1","JD1","deletecase","false"
"305","Office1","State","access","true"
"306","HR","JD2","access","false"
"307","JD2","Apple","fire","false"
"308","I1","Cases","appointed","false"
"309","C-Suit","Case3","addcase","false"
"310","C1","Case2","refuse","false"
"311","C1","Office1","access","false"
"312","JD1","Case1","hire","false"
"313","JD2","HR","disapprove","false"
"314","HR","C1","withdraw","false"
"315","LA1","I1","deletecase","false"
"316","Interns","Bob","fire","false"
"317","Interns","GeneralInfo","accept","false"
"318","C-Suit","A1","refuse","false"
"319","MainOffice","Attorneys","deletecase","false"
"320","A1","Interns","access","false"
"321","Attorneys","State","access","true"
"322","JD1","Mike","fire","false"
"323","I1","Case3","appointed","false"
"324","JD2","Case2","addcase","true"
"325","MainOffice","Office1","refuse","false"
"326","JD2","Case1","access","true"
"327","A1","Cases","hire","false"
"328","HR","HR","fire","false"
"329","JD2","C-Suit","withdraw","false"
"330","I1","I1","accept","false"
"331","LA1","LeadAttorneys","deletecase","false"
"332","HR","LA1","deletecase","false"
"333","Office1","MainOffice","accept","false"
"334","HR1","GeneralInfo","refuse","false"
"335","MainOffice","A1","refuse","false"
"336","HR1","Bob","withdraw","false"
"337","JD2","Attorneys","withdraw","false"
"338","C-Suit","Interns","access","false"
"339","Interns","HR1","addcase","false"
"340","LA1","Alice","withdraw","false"
"341","MainOffice","State","addcase","true"
"342","Attorneys","JD2","accept","false"
"343","MainOffice","Apple","deletecase","false"
"344","LA1","Mike","refuse","false"
"345","HR","JD1","accept","false"
"346","Attorneys","Office1","addcase","false"
"347","I1","Case1","refuse","false"
"348","JD1","Cases","access","true"
"349","MainOffice","Case3","hire","false"
"350","JD1","C1","fire","false"
"351","I1","C-Suit","disapprove","false"
"352","Attorneys","I1","withdraw","false"
"353","Office1","LeadAttorneys","accept","false"
"354","A1","HR","deletecase","false"
"355","Interns","MainOffice","access","false"
"356","Attorneys","GeneralInfo","hire","false"
"357","JD2","A1","addcase","false"
"358","JD2","Bob","deletecase","true"
"359","JD1","Interns","disapprove","false"
"360","Office1","Google","deletecase","false"
"361","I1","HR1","appointed","false"
"362","Attorneys","Alice","accept","false"
"363","JD2","JD2","withdraw","false"
"364","Interns","Apple","access","false"
"365","C1","Mike","deletecase","true"
"366","C1","Case1","disapprove","false"
"367","HR1","JD1","addcase","false"
"368","HR","Google","appointed","false"
"369","A1","MainOffice","deletecase","false"
"370","Attorneys","Cases","accept","false"
"371","HR1","JD2","access","false"
"372","I1","C-Suit","refuse","false"
"373","Interns","HR","fire","false"
"374","C1","Attorneys","withdraw","false"
"375","HR","Case2","hire","false"
"376","Interns","Interns","accept","false"
"377","HR","Case3","disapprove","false"
"378","Attorneys","LeadAttorneys","deletecase","false"
"379","C-Suit","LA1","fire","false"
"380","C-Suit","Office1","addcase","false"
"381","MainOffice","Office1","withdraw","false"
"382","HR","GeneralInfo","refuse","false"
"383","JD1","Cases","access","true"
"384","Interns","Apple","appointed","false"
"385","A1","LA1","hire","false"
"386","LeadAttorneys","Case3","addcase","false"
"387","Office1","Alice","disapprove","false"
"388","JD1","Google","deletecase","false"
"389","LA1","Attorneys","addcase","false"
"390","LA1","Case1","withdraw","false"
"391","JD2","HR1","hire","false"
"392","Attorneys","Apple","fire","false"
"393","Attorneys","HR","appointed","false"
"394","A1","LeadAttorneys","accept","false"
"395","I1","Alice","access","false"
"396","C-Suit","JD1","refuse","false"
"397","MainOffice","GeneralInfo","deletecase","true"
"398","LeadAttorneys","MainOffice","appointed","false"
"399","JD2","Bob","appointed","false"
"400","C-Suit","Google","access","false"
"401","LA1","C1","accept","false"
"402","Office1","C1","fire","false"
"403","MainOffice","MainOffice","disapprove","false"
"404","HR","JD1","withdraw","false"
"405","C-Suit","Bob","hire","false"
"406","MainOffice","C1","refuse","false"
"407","C-Suit","GeneralInfo","withdraw","false"
"408","HR","C-Suit","addcase","false"
"409","A1","I1","disapprove","false"
"410","LeadAttorneys","Attorneys","fire","false"
"411","I1","HR","deletecase","false"
"412","JD2","LeadAttorneys","disapprove","false"
"413","MainOffice","Case3","accept","false"
"414","LA1","HR","refuse","false"
"415","I1","Case3","hire","false"
"416","Office1","Attorneys","hire","false"
"417","C1","LA1","access","false"
"418","JD1","Case2","addcase","true"
"419","HR1","I1","fire","false"
"420","LA1","Case3","access","false"
"421","JD2","Apple","withdraw","false"
"422","I1","Cases","appointed","false"
"423","Interns","LeadAttorneys","addcase","false"
"424","Office1","Bob","refuse","false"
"425","HR1","MainOffice","hire","true"
"426","JD2","Attorneys","deletecase","false"
"427","LeadAttorneys","C1","hire","false"
"428","HR1","C-Suit","accept","false"
"429","JD1","Attorneys","refuse","false"
"430","C1","I1","deletecase","false"
"431","LeadAttorneys","Bob","accept","false"
"432","A1","Cases","withdraw","false"
"433","Interns","Case1","access","false"
"434","Office1","A1","appointed","false"
"435","JD1","Case3","fire","false"
"436","JD1","A1","disapprove","false"
"437","C1","Case3","refuse","true"
"438","Attorneys","Office1","access","false"
"439","LeadAttorneys","Case1","refuse","false"
"440","C1","MainOffice","fire","true"
"441","Office1","State","accept","false"
"442","MainOffice","HR","hire","true"
"443","JD1","GeneralInfo","appointed","false"
"444","LeadAttorneys","Interns","disapprove","false"
"445","LA1","LA1","deletecase","false"
"446","I1","State","addcase","false"
"447","Office1","Case2","withdraw","false"
"448","Interns","State","hire","false"
"449","Attorneys","Case1","addcase","true"
"450","A1","C1","access","false"
"451","HR1","LeadAttorneys","refuse","false"
"452","JD2","Google","accept","true"
"453","JD1","Mike","accept","false"
"454","C1","JD2","appointed","false"
"455","JD2","Case1","fire","false"
"456","C-Suit","State","deletecase","true"
"457","C-Suit","C1","disapprove","false"
"458","HR","Attorneys","access","false"
"459","MainOffice","A1","access","false"
"460","LA1","C-Suit","disapprove","false"
"461","A1","Case2","fire","false"
"462","Attorneys","Mike","refuse","false"
"463","HR1","A1","withdraw","false"
"464","Interns","I1","refuse","false"
"465","I1","Attorneys","disapprove","false"
"466","C-Suit","HR1","accept","false"
"467","Interns","LA1","withdraw","false"
"468","I1","JD2","fire","false"
"469","A1","Alice","refuse","false"
"470","C1","Interns","addcase","false"
"471","LA1","Bob","fire","false"
"472","HR","HR1","fire","false"
"473","MainOffice","Interns","fire","false"
"474","LeadAttorneys","Case2","access","true"
"475","HR1","State","disapprove","false"
"476","Attorneys","Attorneys","accept","false"
"477","JD2","GeneralInfo","access","true"
"478","HR","Mike","deletecase","true"
"479","HR1","Alice","appointed","false"
"480","Office1","I1","addcase","false"
"481","Attorneys","Case3","withdraw","false"
"482","LeadAttorneys","Cases","deletecase","false"
"483","Interns","GeneralInfo","disapprove","false"
"484","C1","LeadAttorneys","hire","false"
"485","I1","LeadAttorneys","withdraw","false"
"486","C-Suit","C1","appointed","false"
"487","JD2","A1","refuse","false"
"488","MainOffice","JD2","addcase","false"
"489","JD1","JD2","withdraw","false"
"490","LA1","Google","hire","false"
"491","A1","A1","addcase","false"
"492","Office1","HR1","access","false"
"493","Attorneys","C1","withdraw","false"
"494","HR1","Apple","deletecase","false"
"495","MainOffice","Mike","appointed","false"
"496","JD1","JD1","hire","false"
"497","A1","Office1","appointed","false"
"498","LA1","MainOffice","addcase","false"
"499","C1","GeneralInfo","accept","false"
"500","HR","Alice","accept","false"
"501","I1","A1","accept","false"
"502","Interns","Cases","hire","false"
"503","Attorneys","JD1","disapprove","false"
"504","JD2","MainOffice","addcase","false"
"505","Office1","Google","disapprove","false"
"506","LeadAttorneys","HR","withdraw","false"
"507","Interns","Alice","deletecase","false"
"508","Office1","Apple","disapprove","false"
"509","A1","Interns","withdraw","false"
"510","LA1","HR1","appointed","false"
"511","JD2","Mike","disapprove","false"
"512","Office1","C-Suit","deletecase","false"
"513","LA1","Office1","hire","true"
"514","C-Suit","Case1","appointed","false"
"515","C1","Bob","access","true"
"516","C-Suit","Apple","access","false"
"517","HR","Bob","addcase","true"
"518","I1","MainOffice","accept","false"
"519","Attorneys","A1","hire","false"
"520","HR1","Google","addcase","false"
"521","LeadAttorneys","LeadAttorneys","access","false"
"522","JD1","Interns","access","false"
"523","MainOffice","Bob","withdraw","false"
"524","A1","Bob","deletecase","true"
"525","LA1","I1","withdraw","false"
"526","JD2","JD2","hire","false"
"527","LeadAttorneys","LA1","accept","false"
"528","Interns","A1","fire","false"
"529","JD1","HR1","addcase","false"
"530","C1","Case2","disapprove","false"
"531","MainOffice","Google","refuse","false"
"532","HR1","C1","addcase","false"
"533","Attorneys","State","withdraw","false"
"534","C1","JD1","deletecase","false"
"535","C-Suit","Case3","deletecase","false"
"536","Office1","Mike","fire","false"
"537","LeadAttorneys","C-Suit","fire","false"
"538","HR","LA1","refuse","false"
"539","I1","GeneralInfo","fire","false"
"540","Office1","Office1","disapprove","false"
"541","MainOffice","State","access","true"
"542","HR1","Bob","disapprove","false"
"543","A1","HR1","withdraw","false"
"544","I1","C1","deletecase","false"
"545","C-Suit","HR","addcase","false"
"546","JD2","Alice","withdraw","false"
"547","HR","LeadAttorneys","fire","false"
"548","JD1","C-Suit","appointed","false"
"549","Interns","JD2","disapprove","false"
"550","C1","HR1","deletecase","false"
"551","LeadAttorneys","Google","fire","false"
"552","LeadAttorneys","Apple","addcase","false"
"553","LeadAttorneys","I1","hire","false"
"554","C-Suit","MainOffice","access","false"
"555","A1","Mike","access","true"
"556","Attorneys","LA1","appointed","false"
"557","HR1","Case2","appointed","false"
"558","HR","Interns","refuse","false"
"559","LA1","JD1","fire","false"
"560","Interns","C-Suit","access","false"
"561","I1","Mike","hire","false"
"562","HR","Cases","fire","false"
"563","Interns","Office1","accept","false"
"564","MainOffice","Case1","accept","false"
"565","JD1","I1","access","false"
"566","JD2","C1","deletecase","false"
"567","I1","Google","withdraw","false"
"568","HR1","Case1","deletecase","true"
"569","JD1","Office1","fire","false"
"570","Attorneys","Case2","refuse","false"
"571","LA1","Mike","addcase","true"
"572","MainOffice","LA1","disapprove","false"
"573","C1","C-Suit","hire","false"
"574","JD2","Interns","deletecase","false"
"575","A1","JD2","refuse","false"
"576","C-Suit","Interns","appointed","false"
"577","Office1","Case3","appointed","false"
"578","JD2","Cases","refuse","false"
"579","HR1","LA1","addcase","false"
"580","C-Suit","A1","deletecase","false"
"581","Interns","Attorneys","appointed","false"
"582","JD1","Apple","hire","false"
"583","HR","State","fire","false"
"584","LA1","LeadAttorneys","appointed","false"
"585","A1","Case3","appointed","false"
"586","Office1","HR","access","false"
"587","Attorneys","Bob","access","true"
"588","MainOffice","Apple","accept","false"
"589","JD1","Alice","hire","false"
"590","A1","JD1","access","false"
"591","C1","Apple","refuse","false"
"592","I1","Office1","deletecase","false"
"593","HR","HR","accept","false"
"594","Interns","Case2","accept","false"
"595","Attorneys","Interns","hire","false"
"596","JD2","Case3","hire","false"
"597","C-Suit","Attorneys","disapprove","false"
"598","I1","Bob","refuse","false"
"599","C1","HR","disapprove","false"
"600","MainOffice","Alice","fire","false"
"601","LeadAttorneys","GeneralInfo","addcase","true"
"602","HR1","HR","withdraw","false"
"603","Office1","Cases","disapprove","false"
"604","LA1","Case2","deletecase","true"
"605","MainOffice","I1","appointed","false"
"606","LeadAttorneys","JD2","accept","false"
"607","LeadAttorneys","State","appointed","false"
"608","A1","GeneralInfo","hire","false"
"609","HR1","HR1","disapprove","false"
"610","JD2","JD1","accept","false"
"611","JD1","MainOffice","withdraw","false"
"612","LA1","A1","refuse","false"
"613","HR","C1","withdraw","false"
"614","I1","Case1","hire","false"
"615","C-Suit","JD2","deletecase","false"
"616","Office1","Interns","accept","false"
"617","Interns","Bob","withdraw","false"
"618","C1","Google","appointed","false"
"619","Attorneys","MainOffice","refuse","false"
"620","HR1","Cases","addcase","false"
"621","HR","Case1","refuse","false"
"622","Office1","JD1","appointed","false"
"623","JD1","LA1","addcase","false"
"624","C-Suit","LeadAttorneys","refuse","false"
"625","Interns","JD1","accept","false"
"626","A1","Apple","refuse","true"
"627","Attorneys","Google","addcase","false"
"628","LA1","Cases","addcase","false"
"629","JD2","HR","addcase","false"
"630","C1","State","refuse","false"
"631","MainOffice","JD1","accept","false"
"632","I1","HR1","refuse","false"
"633","HR1","Mike","withdraw","false"
"634","HR","I1","accept","false"
"635","Office1","LA1","withdraw","false"
"636","Interns","C1","withdraw","false"
"637","A1","Case1","addcase","true"
"638","LA1","GeneralInfo","refuse","false"
"639","HR1","Office1","refuse","false"
"640","JD1","State","withdraw","false"
"641","C-Suit","Alice","addcase","false"
"642","MainOffice","HR1","withdraw","false"
"643","JD2","Case2","withdraw","false"
"644","JD2","C-Suit","withdraw","false"
"645","I1","Apple","appointed","false"
"646","C1","Cases","accept","false"
"647","LeadAttorneys","Office1","accept","false"
"648","Attorneys","I1","accept","false"
"649","HR","Apple","accept","false"
"650","LA1","Alice","fire","false"
"651","JD1","HR","addcase","false"
"652","C1","Mike","access","true"
"653","A1","C-Suit","access","false"
"654","Office1","Case1","accept","false"
"655","I1","Interns","deletecase","false"
"656","LeadAttorneys","HR1","accept","false"
"657","MainOffice","LeadAttorneys","disapprove","false"
"658","Attorneys","GeneralInfo","deletecase","true"
"659","Interns","Google","access","false"
"660","C-Suit","I1","access","false"
"661","LA1","State","access","true"
"662","HR","JD2","disapprove","false"
"663","Interns","MainOffice","disapprove","false"
"664","C-Suit","Case2","appointed","false"
"665","A1","Google","disapprove","false"
"666","C1","Alice","access","false"
"667","MainOffice","C-Suit","withdraw","false"
"668","Office1","JD2","accept","false"
"669","JD1","Bob","withdraw","false"
"670","JD2","Office1","fire","false"
"671","HR1","Attorneys","disapprove","false"
"672","I1","I1","hire","false"
"673","Attorneys","C-Suit","access","false"
"674","LeadAttorneys","Mike","fire","false"
"675","JD2","LA1","addcase","false"
"676","I1","JD1","refuse","false"
"677","C1","A1","hire","false"
"678","Office1","MainOffice","disapprove","false"
"679","HR","A1","addcase","false"
"680","LeadAttorneys","A1","appointed","false"
"681","LA1","Interns","accept","false"
"682","HR1","GeneralInfo","fire","false"
"683","JD1","Case1","appointed","true"
"684","A1","State","appointed","false"
"685","Interns","HR1","withdraw","false"
"686","MainOffice","Attorneys","appointed","false"
"687","C-Suit","C-Suit","fire","false"
"688","Attorneys","HR1","access","false"
"689","C-Suit","Mike","refuse","false"
"690","Attorneys","JD2","deletecase","false"
"691","Office1","LeadAttorneys","access","false"
"692","C1","Office1","addcase","false"
"693","JD1","C1","access","false"
"694","JD2","I1","deletecase","false"
"695","LeadAttorneys","Alice","addcase","false"
"696","LA1","JD2","addcase","false"
"697","MainOffice","Cases","fire","false"
"698","I1","Case2","fire","false"
"699","HR","Office1","addcase","false"
"700","A1","Attorneys","withdraw","false"
"701","HR1","Interns","deletecase","false"
"702","Interns","Case3","withdraw","false"
"703","A1","HR","deletecase","false"
"704","HR1","Case3","deletecase","false"
"705","MainOffice","Case2","accept","false"
"706","Office1","GeneralInfo","access","true"
"707","C1","C1","appointed","false"
"708","Interns","Mike","access","false"
"709","LeadAttorneys","JD1","hire","false"
"710","HR","MainOffice","withdraw","false"
"711","JD2","State","withdraw","false"
"712","C-Suit","Cases","appointed","false"
"713","JD1","LeadAttorneys","disapprove","false"
"714","LA1","Apple","deletecase","false"
"715","I1","LA1","fire","false"
"716","Attorneys","Alice","disapprove","false"
"717","MainOffice","MainOffice","withdraw","false"
"718","A1","Cases","appointed","false"
"719","MainOffice","Office1","hire","true"
"720","LA1","A1","refuse","false"
"721","HR1","LA1","access","false"
"722","A1","JD1","disapprove","false"
"723","I1","HR1","deletecase","false"
"724","LA1","JD2","addcase","false"
"725","MainOffice","LeadAttorneys","fire","false"
"726","JD2","HR1","accept","false"
"727","Interns","MainOffice","deletecase","false"
"728","JD2","State","refuse","false"
"729","HR","MainOffice","disapprove","false"
"730","HR","JD1","fire","false"
"731","I1","Office1","addcase","false"
"732","A1","Alice","access","false"
"733","I1","JD1","withdraw","false"
"734","Attorneys","Case1","appointed","false"
"735","LA1","Interns","accept","false"
"736","Office1","JD1","hire","false"
"737","JD1","Case2","hire","false"
"738","LeadAttorneys","Case2","accept","false"
"739","HR","LeadAttorneys","deletecase","false"
"740","Office1","Attorneys","addcase","false"
"741","LA1","Cases","withdraw","false"
"742","LeadAttorneys","Interns","refuse","false"
"743","C-Suit","Mike","appointed","false"
"744","C-Suit","State","fire","false"
"745","JD2","Google","access","false"
"746","Office1","Case3","disapprove","false"
"747","C1","Apple","deletecase","false"
"748","JD1","HR","refuse","false"
"749","HR1","Mike","fire","false"
"750","I1","C-Suit","hire","false"
"751","C1","Case1","withdraw","false"
"752","HR1","Attorneys","disapprove","false"
"753","MainOffice","HR","addcase","false"
"754","Interns","C1","refuse","false"
"755","C-Suit","Case2","access","true"
"756","MainOffice","GeneralInfo","appointed","false"
"757","HR1","Case3","accept","false"
"758","Attorneys","Alice","accept","false"
"759","LA1","MainOffice","access","false"
"760","Interns","A1","withdraw","false"
"761","JD2","Apple","disapprove","false"
"762","Attorneys","LeadAttorneys","hire","false"
"763","MainOffice","State","deletecase","true"
"764","I1","C1","appointed","false"
"765","JD1","LeadAttorneys","addcase","false"
"766","I1","LA1","fire","false"
"767","C1","MainOffice","appointed","false"
"768","LeadAttorneys","Attorneys","deletecase","false"
"769","Attorneys","Office1","refuse","false"
"770","JD1","Cases","deletecase","false"
"771","Office1","Office1","deletecase","false"
"772","HR","C-Suit","access","false"
"773","A1","LeadAttorneys","withdraw","false"
"774","A1","Bob","fire","false"
"775","C1","Attorneys","accept","false"
"776","C-Suit","Bob","hire","false"
"777","Attorneys","A1","addcase","false"
"778","LeadAttorneys","A1","appointed","false"
"779","Interns","Google","hire","false"
"780","I1","I1","disapprove","false"
"781","HR1","Apple","appointed","false"
"782","MainOffice","Case2","disapprove","false"
"783","A1","C1","addcase","false"
"784","JD1","Bob","access","true"
"785","Interns","HR1","fire","false"
"786","C-Suit","HR","withdraw","false"
"787","HR","Alice","addcase","false"
"788","JD2","Alice","deletecase","false"
"789","MainOffice","C-Suit","accept","false"
"790","C1","Bob","refuse","false"
"791","LeadAttorneys","Case1","hire","false"
"792","Office1","HR","accept","false"
"793","JD1","Office1","appointed","false"
"794","Attorneys","Attorneys","fire","false"
"795","JD1","GeneralInfo","disapprove","false"
"796","HR","Google","withdraw","false"
"797","HR1","Bob","deletecase","true"
"798","C1","Cases","access","true"
"799","JD2","Office1","withdraw","false"
"800","LeadAttorneys","Case3","addcase","false"
"801","Interns","Case3","appointed","false"
"802","Office1","MainOffice","fire","false"
"803","HR","I1","refuse","false"
"804","C-Suit","Interns","disapprove","false"
"805","LA1","Case3","hire","false"
"806","Attorneys","Mike","access","true"
"807","I1","Alice","refuse","false"
"808","Interns","Attorneys","access","false"
"809","LA1","Mike","deletecase","true"
"810","A1","Mike","refuse","false"
"811","HR1","Alice","withdraw","false"
"812","LeadAttorneys","LA1","disapprove","false"
"813","Office1","Alice","appointed","false"
"814","C-Suit","Case3","deletecase","false"
"815","JD2","C-Suit","addcase","false"
"816","C1","A1","fire","false"
"817","JD1","Google","accept","true"
"818","JD2","JD2","fire","false"
"819","Interns","HR","disapprove","false"
"820","A1","MainOffice","accept","false"
"821","HR","JD2","hire","false"
"822","HR1","HR","hire","false"
"823","Office1","Interns","withdraw","false"
"824","C1","Google","disapprove","false"
"825","LeadAttorneys","Cases","fire","false"
"826","Attorneys","JD1","deletecase","false"
"827","LA1","HR","fire","true"
"828","C-Suit","Case1","refuse","false"
"829","JD1","I1","withdraw","false"
"830","C1","GeneralInfo","hire","false"
"831","C-Suit","LA1","accept","false"
"832","Interns","GeneralInfo","addcase","false"
"833","I1","Interns","access","false"
"834","JD2","HR","appointed","false"
"835","Office1","State","access","true"
"836","MainOffice","C1","access","false"
"837","Attorneys","Case2","withdraw","false"
"838","LA1","C1","disapprove","false"
"839","HR1","Google","addcase","false"
"840","A1","Apple","hire","false"
"841","LeadAttorneys","Google","appointed","false"
"842","HR","GeneralInfo","accept","false"
"843","LeadAttorneys","JD2","withdraw","false"
"844","C1","HR1","addcase","false"
"845","C1","I1","accept","false"
"846","JD2","LeadAttorneys","accept","false"
"847","MainOffice","Cases","refuse","false"
"848","Attorneys","Cases","disapprove","false"
"849","A1","Case3","deletecase","false"
"850","HR1","State","withdraw","false"
"851","Interns","Bob","accept","false"
"852","LA1","Attorneys","appointed","false"
"853","I1","Case3","fire","false"
"854","HR","Case2","appointed","false"
"855","JD1","Apple","fire","false"
"856","Office1","C-Suit","refuse","false"
"857","C-Suit","JD1","addcase","false"
"858","JD2","Case1","fire","false"
"859","LeadAttorneys","Apple","access","false"
"860","Attorneys","LA1","deletecase","false"
"861","C-Suit","HR1","withdraw","false"
"862","HR1","JD2","refuse","false"
"863","JD2","I1","hire","false"
"864","I1","Case2","accept","false"
"865","A1","HR","access","false"
"866","JD1","JD2","accept","false"
"867","HR","Interns","deletecase","false"
"868","Office1","Bob","addcase","true"
"869","MainOffice","Mike","accept","false"
"870","LA1","Google","refuse","false"
"871","Interns","Alice","hire","false"
"872","A1","HR1","disapprove","false"
"873","MainOffice","Case3","access","false"
"874","HR1","A1","accept","false"
"875","C-Suit","C1","withdraw","false"
"876","Interns","C-Suit","deletecase","false"
"877","Office1","HR1","access","false"
"878","C-Suit","I1","deletecase","false"
"879","A1","GeneralInfo","deletecase","true"
"880","LeadAttorneys","Office1","accept","false"
"881","C1","State","accept","false"
"882","JD1","Interns","addcase","false"
"883","Attorneys","Interns","hire","false"
"884","I1","State","appointed","false"
"885","LA1","State","disapprove","false"
"886","HR","Case1","accept","false"
"887","A1","LA1","addcase","false"
"888","Interns","JD2","appointed","false"
"889","LA1","GeneralInfo","fire","false"
"890","MainOffice","Attorneys","refuse","false"
"891","HR","Office1","access","false"
"892","Attorneys","C-Suit","withdraw","false"
"893","I1","GeneralInfo","withdraw","false"
"894","LeadAttorneys","MainOffice","addcase","false"
"895","HR1","HR1","hire","false"
"896","C1","LeadAttorneys","access","false"
"897","JD2","MainOffice","refuse","false"
"898","JD1","C-Suit","appointed","false"
"899","Office1","LeadAttorneys","disapprove","false"
"900","Interns","LA1","appointed","false"
"901","LeadAttorneys","Alice","disapprove","false"
"902","JD1","HR1","appointed","false"
"903","C1","HR","deletecase","false"
"904","Office1","Cases","addcase","false"
"905","HR","C1","fire","false"
"906","HR1","JD1","access","false"
"907","JD2","A1","access","false"
"908","MainOffice","Interns","fire","false"
"909","Attorneys","JD2","access","false"
"910","HR","Apple","withdraw","false"
"911","C1","Mike","disapprove","false"
"912","C-Suit","GeneralInfo","refuse","false"
"913","Office1","Case1","deletecase","true"
"914","LA1","I1","access","false"
"915","I1","Cases","hire","false"
"916","A1","Case2","deletecase","true"
"917","I1","A1","deletecase","false"
"918","C-Suit","Attorneys","hire","false"
"919","LA1","Office1","disapprove","false"
"920","MainOffice","A1","hire","false"
"921","Interns","Mike","addcase","false"
"922","JD1","Case3","refuse","true"
"923","Attorneys","C1","accept","false"
"924","JD2","Interns","appointed","false"
"925","LeadAttorneys","I1","addcase","false"
"926","HR1","Office1","fire","true"
"927","C1","Case2","fire","false"
"928","HR","LA1","refuse","false"
"929","Office1","A1","disapprove","false"
"930","LA1","LeadAttorneys","refuse","false"
"931","MainOffice","Apple","addcase","false"
"932","C-Suit","C-Suit","disapprove","false"
"933","MainOffice","Bob","disapprove","false"
"934","LeadAttorneys","JD1","refuse","false"
"935","A1","Case1","disapprove","false"
"936","JD1","Attorneys","withdraw","false"
"937","JD2","Case2","refuse","false"
"938","Attorneys","State","hire","false"
"939","I1","Google","fire","false"
"940","HR1","GeneralInfo","access","true"
"941","Interns","Interns","disapprove","false"
"942","Attorneys","HR","deletecase","false"
"943","C-Suit","JD2","disapprove","false"
"944","Office1","Google","deletecase","false"
"945","JD2","GeneralInfo","deletecase","true"
"946","I1","HR","hire","false"
"947","HR1","I1","fire","false"
"948","C1","Office1","access","false"
"949","Interns","I1","appointed","false"
"950","A1","Google","withdraw","false"
"951","HR","HR1","refuse","false"
"952","LA1","Case1","addcase","true"
"953","JD1","State","addcase","true"
"954","LeadAttorneys","GeneralInfo","access","true"
"955","HR1","C-Suit","fire","false"
"956","HR1","C1","hire","false"
"957","Interns","Case2","addcase","false"
"958","Attorneys","Apple","refuse","true"
"959","C1","LA1","hire","false"
"960","MainOffice","JD1","appointed","false"
"961","Office1","Case2","fire","false"
"962","I1","Mike","hire","false"
"963","HR","HR","withdraw","false"
"964","JD2","Bob","appointed","false"
"965","LA1","LA1","withdraw","false"
"966","JD1","Case1","access","true"
"967","A1","A1","fire","false"
"968","C-Suit","Google","fire","false"
"969","LeadAttorneys","C1","deletecase","false"
"970","JD1","LA1","accept","false"
"971","C-Suit","Apple","accept","false"
"972","LeadAttorneys","HR","withdraw","false"
"973","Attorneys","Case3","withdraw","false"
"974","JD2","Attorneys","appointed","false"
"975","A1","Office1","accept","false"
"976","I1","LeadAttorneys","appointed","false"
"977","HR","Cases","accept","false"
"978","Office1","LA1","accept","false"
"979","Interns","JD1","accept","false"
"980","C1","C-Suit","fire","false"
"981","LA1","Bob","withdraw","false"
"982","MainOffice","Google","withdraw","false"
"983","JD2","Mike","withdraw","false"
"984","Interns","Office1","deletecase","false"
"985","HR1","LeadAttorneys","hire","false"
"986","LeadAttorneys","LeadAttorneys","hire","false"
"987","HR","Attorneys","hire","false"
"988","LA1","JD1","deletecase","false"
"989","I1","Bob","fire","false"
"990","HR1","MainOffice","hire","true"
"991","Attorneys","HR1","fire","false"
"992","A1","State","deletecase","true"
"993","JD1","Alice","fire","false"
"994","Office1","JD2","deletecase","false"
"995","C1","Alice","appointed","false"
"996","C-Suit","Alice","hire","false"
"997","MainOffice","HR1","appointed","false"
"998","I1","Case1","refuse","false"
"999","LeadAttorneys","Mike","appointed","false"
"1000","C1","Case3","fire","false"
"1001","Attorneys","Bob","withdraw","false"
"1002","HR","Bob","refuse","false"
"1003","LA1","Case2","accept","false"
"1004","Office1","I1","access","false"
"1005","C-Suit","Cases","deletecase","false"
"1006","JD2","LA1","accept","false"
"1007","JD1","A1","access","false"
"1008","A1","Attorneys","withdraw","false"
"1009","MainOffice","I1","refuse","false"
"1010","Interns","LeadAttorneys","hire","false"
"1011","A1","I1","accept","false"
"1012","Interns","Apple","accept","true"
"1013","MainOffice","Case1","refuse","false"
"1014","C-Suit","LeadAttorneys","appointed","false"
"1015","Office1","GeneralInfo","fire","false"
"1016","LeadAttorneys","C-Suit","disapprove","false"
"1017","A1","JD2","addcase","false"
"1018","JD1","Mike","appointed","true"
"1019","JD2","Case3","hire","false"
"1020","Attorneys","MainOffice","access","false"
"1021","HR","Mike","addcase","true"
"1022","HR1","Case2","accept","false"
"1023","JD2","C1","refuse","false"
"1024","I1","JD2","addcase","false"
"1025","C1","JD2","disapprove","false"
"1026","LA1","Alice","refuse","false"
"1027","JD1","C1","fire","false"
"1028","C1","JD1","disapprove","false"
"1029","LeadAttorneys","Bob","hire","false"
"1030","Attorneys","I1","accept","false"
"1031","HR","State","appointed","false"
"1032","C-Suit","MainOffice","accept","false"
"1033","HR1","Case1","addcase","true"
"1034","LA1","Apple","appointed","false"
"1035","Interns","Cases","access","true"
"1036","MainOffice","JD2","disapprove","false"
"1037","I1","Apple","hire","false"
"1038","A1","Interns","addcase","false"
"1039","Office1","C1","addcase","false"
"1040","C1","Interns","accept","false"
"1041","LA1","C-Suit","refuse","false"
"1042","LA1","HR1","appointed","false"
"1043","LeadAttorneys","State","refuse","false"
"1044","HR","A1","appointed","false"
"1045","MainOffice","LA1","appointed","false"
"1046","JD1","MainOffice","fire","false"
"1047","Office1","Mike","refuse","false"
"1048","JD1","JD1","deletecase","false"
"1049","I1","Attorneys","hire","false"
"1050","JD2","Cases","appointed","false"
"1051","HR1","Cases","addcase","false"
"1052","Interns","Case1","hire","false"
"1053","C-Suit","Office1","disapprove","false"
"1054","Attorneys","GeneralInfo","hire","false"
"1055","HR1","Interns","access","false"
"1056","JD2","JD1","appointed","false"
"1057","Office1","Apple","deletecase","false"
"1058","I1","MainOffice","disapprove","false"
"1059","C-Suit","A1","fire","false"
"1060","Interns","State","disapprove","false"
"1061","MainOffice","Alice","withdraw","false"
"1062","HR","Case3","access","false"
"1063","C1","C1","disapprove","false"
"1064","A1","C-Suit","accept","false"
"1065","Attorneys","Google","addcase","false"
"1066","LeadAttorneys","HR1","fire","true"
